[
  {
    "type": "bitmap",
    "file": "minecraft:font/knaz.png",
    "ascent": 8,
    "height": 8,
    "chars": ["丸"]
  },
  {
    "type": "bitmap",
    "file": "minecraft:font/lord.png",
    "ascent": 8,
    "height": 8,
    "chars": ["乁"]
  },
  {
    "type": "bitmap",
    "file": "minecraft:font/vlast.png",
    "ascent": 8,
    "height": 8,
    "chars": ["𠄢"]
  },
  {
    "type": "bitmap",
    "file": "minecraft:font/imper.png",
    "ascent": 8,
    "height": 8,
    "chars": ["你"]
  },
  {
    "type": "bitmap",
    "file": "minecraft:font/graf.png",
    "ascent": 8,
    "height": 8,
    "chars": ["侮"]
  },
  {
    "type": "bitmap",
    "file": "minecraft:font/baron.png",
    "ascent": 8,
    "height": 8,
    "chars": ["侻"]
  },
  {
    "type": "bitmap",
    "file": "minecraft:font/warwar.png",
    "ascent": 8,
    "height": 8,
    "chars": ["倂"]
  },
  {
    "type": "bitmap",
    "file": "minecraft:font/berserk.png",
    "ascent": 8,
    "height": 8,
    "chars": ["偺"]
  },
  {
    "type": "bitmap",
    "file": "minecraft:font/admin.png",
    "ascent": 8,
    "height": 8,
    "chars": ["備"]
  },
  {
    "type": "bitmap",
    "file": "minecraft:font/player.png",
    "ascent": 8,
    "height": 8,
    "chars": ["僧"]
  },
  {
    "type": "bitmap",
    "file": "minecraft:font/owner.png",
    "ascent": 8,
    "height": 8,
    "chars": ["像"]
  }
]