{
    "providers": [
        {
            "type": "bitmap",
            "file": "theranks:ranks/admin.png",
            "ascent": 8,
            "height": 8,
            "chars": ["𯒤"]
	    },
        {
            "type": "bitmap",
            "file": "theranks:ranks/winter.png",
            "ascent": 8,
            "height": 8,
            "chars": ["󱓄"]
	    },
        {
            "type": "bitmap",
            "file": "theranks:ranks/ytznak.png",
            "ascent": 8,
            "height": 8,
            "chars": ["󰧁"]
	    },
        {
            "type": "bitmap",
            "file": "theranks:ranks/lord.png",
            "ascent": 8,
            "height": 8,
            "chars": ["󰛳"]
	    },
        {
            "type": "bitmap",
            "file": "theranks:ranks/legendary.png",
            "ascent": 8,
            "height": 8,
            "chars": ["󯛯"]
	    },
        {
            "type": "bitmap",
            "file": "theranks:ranks/imper.png",
            "ascent": 8,
            "height": 8,
            "chars": ["󰋿"]
	    },
        {
            "type": "bitmap",
            "file": "theranks:ranks/shadow.png",
            "ascent": 8,
            "height": 8,
            "chars": ["󱇽"]
	    },
        {
            "type": "bitmap",
            "file": "theranks:ranks/player.png",
            "ascent": 8,
            "height": 8,
            "chars": ["󯩜"]
	    },
        {
            "type": "bitmap",
            "file": "theranks:ranks/coder.png",
            "ascent": 8,
            "height": 8,
            "chars": ["󰓆"]
	    },
        {
            "type": "bitmap",
            "file": "theranks:ranks/graf.png",
            "ascent": 8,
            "height": 8,
            "chars": ["󯗭"]
	    },
        {
            "type": "bitmap",
            "file": "theranks:ranks/baron.png",
            "ascent": 8,
            "height": 8,
            "chars": ["󯖸"]
	    },
        {
            "type": "bitmap",
            "file": "theranks:ranks/snake.png",
            "ascent": 8,
            "height": 8,
            "chars": ["󰸶"]
	    },
        {
            "type": "bitmap",
            "file": "theranks:ranks/owner.png",
            "ascent": 8,
            "height": 8,
            "chars": ["󰀥"]
	    },
        {
            "type": "bitmap",
            "file": "theranks:ranks/warvar.png",
            "ascent": 8,
            "height": 8,
            "chars": ["𯒥"]
	    },
        {
            "type": "bitmap",
            "file": "theranks:ranks/ghost.png",
            "ascent": 8,
            "height": 8,
            "chars": ["󯮸"]
	    },
        {
            "type": "bitmap",
            "file": "theranks:ranks/knaz.png",
            "ascent": 8,
            "height": 8,
            "chars": ["󱥧"]
	    },
        {
            "type": "bitmap",
            "file": "theranks:ranks/vlast.png",
            "ascent": 8,
            "height": 8,
            "chars": ["󯣒"]
	    },
        {
            "type": "bitmap",
            "file": "theranks:ranks/berserk.png",
            "ascent": 8,
            "height": 8,
            "chars": [""]
	    },
        {
            "type": "bitmap",
            "file": "theranks:ranks/yt.png",
            "ascent": 8,
            "height": 8,
            "chars": [""]
	    },
        {
            "type": "bitmap",
            "file": "theranks:ranks/ytplus.png",
            "ascent": 8,
            "height": 8,
            "chars": [""]
	    },
        {
            "type": "bitmap",
            "file": "theranks:ranks/ytadmin.png",
            "ascent": 8,
            "height": 8,
            "chars": [""]
	    },
        {
            "type": "bitmap",
            "file": "theranks:ranks/offhelper.png",
            "ascent": 8,
            "height": 8,
            "chars": ["♠"]
	    },
        {
            "type": "bitmap",
            "file": "theranks:ranks/helper.png",
            "ascent": 8,
            "height": 8,
            "chars": ["♣"]
	    },
        {
            "type": "bitmap",
            "file": "theranks:ranks/offmoderml.png",
            "ascent": 8,
            "height": 8,
            "chars": ["♥"]
	    },
        {
            "type": "bitmap",
            "file": "theranks:ranks/moderml.png",
            "ascent": 8,
            "height": 8,
            "chars": ["♦"]
	    },
        {
            "type": "bitmap",
            "file": "theranks:ranks/offmoder.png",
            "ascent": 8,
            "height": 8,
            "chars": ["♤"]
	    },
        {
            "type": "bitmap",
            "file": "theranks:ranks/moder.png",
            "ascent": 8,
            "height": 8,
            "chars": ["♧"]
	    },
        {
            "type": "bitmap",
            "file": "theranks:ranks/moderplus.png",
            "ascent": 8,
            "height": 8,
            "chars": ["♡"]
	    },
        {
            "type": "bitmap",
            "file": "theranks:ranks/offmoderplus.png",
            "ascent": 8,
            "height": 8,
            "chars": ["♢"]
	    },
        {
            "type": "bitmap",
            "file": "theranks:ranks/moderst.png",
            "ascent": 8,
            "height": 8,
            "chars": ["⚁"]
	    },
        {
            "type": "bitmap",
            "file": "theranks:ranks/offmoderst.png",
            "ascent": 8,
            "height": 8,
            "chars": ["⚀"]
	    },
        {
            "type": "bitmap",
            "file": "theranks:ranks/jojo.png",
            "ascent": 8,
            "height": 8,
            "chars": ["⚂"]
	    },
        {
            "type": "bitmap",
            "file": "theranks:ranks/modergl.png",
            "ascent": 8,
            "height": 8,
            "chars": ["ソ"]
	    },
        {
            "type": "bitmap",
            "file": "theranks:ranks/offmodergl.png",
            "ascent": 8,
            "height": 8,
            "chars": ["☆"]
	    },
        {
            "type": "bitmap",
            "file": "theranks:ranks/decorator.png",
            "ascent": 8,
            "height": 8,
            "chars": ["✮"]
	    },
        {
            "type": "bitmap",
            "file": "theranks:ranks/adminrec.png",
            "ascent": 8,
            "height": 8,
            "chars": ["ッ"]
	    },
        {
            "type": "bitmap",
            "file": "theranks:ranks/adminml.png",
            "ascent": 8,
            "height": 8,
            "chars": ["ᄬ"]
	    },
        {
            "type": "bitmap",
            "file": "theranks:ranks/strax.png",
            "ascent": 8,
            "height": 8,
            "chars": ["〠"]
	    },
        {
            "type": "bitmap",
            "file": "theranks:ranks/god.png",
            "ascent": 8,
            "height": 8,
            "chars": ["𓇼"]
	}
    ]
}