{
    "providers": [
        {
            "type": "bitmap",
            "file": "theranks:ranks/admin.png",
            "ascent": 8,
            "height": 8,
            "chars": ["𯒤"]
	    },
        {
            "type": "bitmap",
            "file": "theranks:ranks/winter.png",
            "ascent": 8,
            "height": 8,
            "chars": ["󱓄"]
	    },
        {
            "type": "bitmap",
            "file": "theranks:ranks/builder.png",
            "ascent": 8,
            "height": 8,
            "chars": ["󰧁"]
	    },
        {
            "type": "bitmap",
            "file": "theranks:ranks/lord.png",
            "ascent": 8,
            "height": 8,
            "chars": ["󰛳"]
	    },
        {
            "type": "bitmap",
            "file": "theranks:ranks/legendary.png",
            "ascent": 8,
            "height": 8,
            "chars": ["󯛯"]
	    },
        {
            "type": "bitmap",
            "file": "theranks:ranks/imper.png",
            "ascent": 8,
            "height": 8,
            "chars": ["󰋿"]
	    },
        {
            "type": "bitmap",
            "file": "theranks:ranks/shadow.png",
            "ascent": 8,
            "height": 8,
            "chars": ["󱇽"]
	    },
        {
            "type": "bitmap",
            "file": "theranks:ranks/member.png",
            "ascent": 8,
            "height": 8,
            "chars": ["󯩜"]
	    },
        {
            "type": "bitmap",
            "file": "theranks:ranks/moderator.png",
            "ascent": 8,
            "height": 8,
            "chars": ["󰓆"]
	    },
        {
            "type": "bitmap",
            "file": "theranks:ranks/graf.png",
            "ascent": 8,
            "height": 8,
            "chars": ["󯗭"]
	    },
        {
            "type": "bitmap",
            "file": "theranks:ranks/baron.png",
            "ascent": 8,
            "height": 8,
            "chars": ["󯖸"]
	    },
        {
            "type": "bitmap",
            "file": "theranks:ranks/snake.png",
            "ascent": 8,
            "height": 8,
            "chars": ["󰸶"]
	    },
        {
            "type": "bitmap",
            "file": "theranks:ranks/owner.png",
            "ascent": 8,
            "height": 8,
            "chars": ["󰀥"]
	    },
        {
            "type": "bitmap",
            "file": "theranks:ranks/warvar.png",
            "ascent": 8,
            "height": 8,
            "chars": ["𯒥"]
	    },
        {
            "type": "bitmap",
            "file": "theranks:ranks/system.png",
            "ascent": 8,
            "height": 8,
            "chars": ["󯮸"]
	    },
        {
            "type": "bitmap",
            "file": "theranks:ranks/knaz.png",
            "ascent": 8,
            "height": 8,
            "chars": ["󱥧"]
	    },
        {
            "type": "bitmap",
            "file": "theranks:ranks/vlast.png",
            "ascent": 8,
            "height": 8,
            "chars": ["󯣒"]
	    },
        {
            "type": "bitmap",
            "file": "theranks:ranks/berserk.png",
            "ascent": 8,
            "height": 8,
            "chars": [""]
	    }
    ]
}