[
  {
    "type": "bitmap",
    "file": "minecraft:font/warwar.png",
    "ascent": 8,
    "height": 8,
    "chars": ["倂"]
  },
  {
    "type": "bitmap",
    "file": "minecraft:font/admin.png",
    "ascent": 8,
    "height": 8,
    "chars": ["備"]
  },
  {
    "type": "bitmap",
    "file": "minecraft:font/player.png",
    "ascent": 8,
    "height": 8,
    "chars": ["僧"]
  },
  {
    "type": "bitmap",
    "file": "minecraft:font/owner.png",
    "ascent": 8,
    "height": 8,
    "chars": ["像"]
  }
]